ID,Title,Assigned_Categories
1,Comparison of succinylcholine with two doses of rocuronium using a new method of monitoring neuromuscular block at the laryngeal muscles by surface laryngeal electromyography.,"Clinical & Diagnostic, Neurophysiology"
2,The influence of experimental muscle pain on motor unit activity during low-level contraction.,"Clinical & Diagnostic, Biomechanics & Kinematics, HCI & Prosthetics, Neurophysiology, Sports & Ergonomics"
3,Muscle activation in therapeutic exercises to improve trunk stability.,"Clinical & Diagnostic, Biomechanics & Kinematics, Rehabilitation & Therapy"
4,EMG-based prediction of shoulder and elbow kinematics in able-bodied and spinal cord injured individuals,"Clinical & Diagnostic, Biomechanics & Kinematics, Rehabilitation & Therapy, HCI & Prosthetics, Neurophysiology"
5,Electromyogram changes during sustained contraction after resistance training in women in their 3rd and 8th decades.,"Biomechanics & Kinematics, Rehabilitation & Therapy, Neurophysiology, Sports & Ergonomics"
6,Effects of body-mind training and relaxation stretching on persons with chronic toxic encephalopathy.,"Clinical & Diagnostic, Rehabilitation & Therapy, Sports & Ergonomics"
8,Noninvasive estimation of motor unit conduction velocity distribution using linear electrode arrays,"Clinical & Diagnostic, Biomechanics & Kinematics, HCI & Prosthetics, Neurophysiology, Sports & Ergonomics"
9,Anticipatory postural adjustments depend on final equilibrium and task complexity in vertical high jump movements.,"Biomechanics & Kinematics, Neurophysiology"
10,Propagation disturbance of motor unit action potentials during transient paresis in generalized myotonia: a high-density surface EMG study.,"Clinical & Diagnostic, Biomechanics & Kinematics, Neurophysiology"
11,Concentric-ring electrode systems for noninvasive detection of single motor unit activity,Neurophysiology
12,Facial electromyographic (EMG) responses to emotionally significant visual images: differences between light and heavy drinkers.,Other / General
13,The effects of a weight belt on trunk and leg muscle activity and joint kinematics during the squat exercise.,"Biomechanics & Kinematics, Rehabilitation & Therapy, HCI & Prosthetics"
14,Anticipatory and reflexive neck muscle activities during voluntary rapid jaw opening and passive jaw depression in humans.,"Biomechanics & Kinematics, Neurophysiology"
15,Effects of posture on dynamic back loading during a cable lifting task.,"Biomechanics & Kinematics, Neurophysiology"
16,Oscillatory cortical drive to isometrically contracting muscle in Unverricht-Lundborg type progressive myoclonus epilepsy (ULD).,"Clinical & Diagnostic, Biomechanics & Kinematics, HCI & Prosthetics, Neurophysiology"
17,The effect of foot placement on sit to stand in healthy young subjects and patients with hemiplegia.,"Clinical & Diagnostic, Biomechanics & Kinematics, Rehabilitation & Therapy"
18,Prediction of joint moments using a neural network model of muscle activations from EMG signals,"Biomechanics & Kinematics, Rehabilitation & Therapy, HCI & Prosthetics, Neurophysiology"
19,A comparative electromyographical investigation of muscle utilization patterns using various hand positions during the lat pull-down.,"Biomechanics & Kinematics, Rehabilitation & Therapy, HCI & Prosthetics, Sports & Ergonomics"
20,Motor unit recruitment strategies investigated by surface EMG variables.,"Biomechanics & Kinematics, HCI & Prosthetics, Neurophysiology"
21,Improving elbow torque output of stroke patients with assistive torque controlled by EMG signals.,"Clinical & Diagnostic, Biomechanics & Kinematics, Rehabilitation & Therapy, HCI & Prosthetics, Sports & Ergonomics"
22,Comparison of MRI with EMG to study muscle activity associated with dynamic plantar flexion.,"Biomechanics & Kinematics, Rehabilitation & Therapy, HCI & Prosthetics"
23,MR imaging in the differential diagnosis of neurogenic foot drop.,"Clinical & Diagnostic, Rehabilitation & Therapy, Neurophysiology"
24,Simultaneous feedforward recruitment of the vasti in untrained postural tasks can be restored by physical therapy.,"Clinical & Diagnostic, Rehabilitation & Therapy, HCI & Prosthetics, Neurophysiology"
25,Rapid neck muscle adaptation alters the head kinematics of aware and unaware subjects undergoing multiple whiplash-like perturbations.,"Clinical & Diagnostic, Biomechanics & Kinematics, Neurophysiology"
26,A fast and reliable technique for muscle activity detection from surface EMG signals,"Clinical & Diagnostic, Biomechanics & Kinematics, Neurophysiology"
27,Fatigue analysis of the surface EMG signal in isometric constant force contractions using the averaged instantaneous frequency,"Biomechanics & Kinematics, Sports & Ergonomics"
28,Neck muscle fatigue affects postural control in man.,"Biomechanics & Kinematics, Rehabilitation & Therapy, HCI & Prosthetics, Sports & Ergonomics"
29,Repeated spinal flexion modulates the flexion-relaxation phenomenon.,"Clinical & Diagnostic, Biomechanics & Kinematics, HCI & Prosthetics, Neurophysiology, Sports & Ergonomics"
30,Emotional effects of startling background music during reading news reports: The moderating influence of dispositional BIS and BAS sensitivities.,Sports & Ergonomics
32,MUAP number estimates in surface EMG: template-matching methods and their performance boundaries.,"Biomechanics & Kinematics, Neurophysiology, Sports & Ergonomics"
33,Choosing EMG parameters: comparison of different onset determination algorithms and EMG integrals in a joint stability study.,Biomechanics & Kinematics
34,Muscle activity during patient transfers: a preliminary study on the influence of lift assists and experience.,Rehabilitation & Therapy
35,Maintenance of EMG activity and loss of force output with instability.,"Biomechanics & Kinematics, Rehabilitation & Therapy"
36,Design and implementation of a hands-free electrolarynx device controlled by neck strap muscle electromyographic activity.,"HCI & Prosthetics, Sports & Ergonomics"
37,Isometric shoulder muscle activation patterns for 3-D planar forces: a methodology for musculo-skeletal model validation.,Biomechanics & Kinematics
38,"Colonic transit time, sphincter EMG, and rectoanal videomanometry in multiple system atrophy.","Clinical & Diagnostic, HCI & Prosthetics, Neurophysiology"
39,Neuro-fuzzy control of a robotic exoskeleton with EMG signals,"Rehabilitation & Therapy, HCI & Prosthetics"
40,EMG recovery and ratings after back extensor fatigue in patients with lumbar disc herniation and healthy subjects.,"Clinical & Diagnostic, Rehabilitation & Therapy, Sports & Ergonomics"
41,Reduced plantar sensation causes a cautious walking pattern.,Biomechanics & Kinematics
42,The role of laryngeal electromyography in vocal fold immobility.,"Clinical & Diagnostic, Rehabilitation & Therapy, HCI & Prosthetics"
43,The influence of different unloading positions upon stature recovery and paraspinal muscle activity.,"Clinical & Diagnostic, Rehabilitation & Therapy, HCI & Prosthetics"
44,Inhibition from the plantar nerve to soleus muscle during the stance phase of walking.,"Biomechanics & Kinematics, Neurophysiology"
45,Customized Interactive Robotic Treatment for Stroke: EMG-Triggered Therapy,"Biomechanics & Kinematics, Rehabilitation & Therapy, Neurophysiology"
46,Conduction velocity of quiescent muscle fibers decreases during sustained contraction.,"Biomechanics & Kinematics, HCI & Prosthetics, Neurophysiology"
47,Rectus femoris surface myoelectric signal cross-talk during static contractions.,"Clinical & Diagnostic, Rehabilitation & Therapy, HCI & Prosthetics"
48,The heel-contact gait pattern of habitual toe walkers.,"Clinical & Diagnostic, Biomechanics & Kinematics"
50,Forward and backward arm cycling are regulated by equivalent neural mechanisms.,"Biomechanics & Kinematics, Rehabilitation & Therapy, HCI & Prosthetics, Neurophysiology, Sports & Ergonomics"
51,Preliminary communication: urodynamic assessment of donepezil hydrochloride in patients with Alzheimer's disease.,Clinical & Diagnostic
52,Functional activity characteristics of individuals with shoulder dysfunctions.,"Clinical & Diagnostic, Biomechanics & Kinematics, Rehabilitation & Therapy"
53,The effects of unilateral muscle fatigue on bilateral physiological tremor.,"Clinical & Diagnostic, Rehabilitation & Therapy, Neurophysiology, Sports & Ergonomics"
54,"The bilateral leg strength deficit is present in old, young and adolescent females during isokinetic knee extension and flexion.","Biomechanics & Kinematics, HCI & Prosthetics"
55,Multiexpert automatic speech recognition using acoustic and myoelectric signals,"HCI & Prosthetics, Sports & Ergonomics"
56,Estimation of Motor Unit Conduction Velocity From Surface EMG Recordings by Signal-Based Selection of the Spatial Filters,"Biomechanics & Kinematics, Neurophysiology"
57,Relationship of spasticity to knee angular velocity and motion during gait in cerebral palsy.,"Clinical & Diagnostic, Biomechanics & Kinematics"
58,Stress-induced pain and muscle activity in patients with migraine and tension-type headache.,"Clinical & Diagnostic, Rehabilitation & Therapy"
59,A Real-Time EMG Pattern Recognition System Based on Linear-Nonlinear Feature Projection for a Multifunction Myoelectric Hand,HCI & Prosthetics
60,Effect of age on anticipatory postural adjustments in unilateral arm movement.,"Clinical & Diagnostic, Biomechanics & Kinematics, HCI & Prosthetics"
62,Interpretation of surface EMGs in children with cerebral palsy: An initial study using a fuzzy expert system.,"Clinical & Diagnostic, Biomechanics & Kinematics, HCI & Prosthetics"
63,Muscle fatigue during dynamic contractions assessed by new spectral indices.,"Biomechanics & Kinematics, Rehabilitation & Therapy, Sports & Ergonomics"
64,Bowel dysfunction in patients with cauda equina lesions.,"Clinical & Diagnostic, Rehabilitation & Therapy, Neurophysiology"
65,Coactivation of the elbow antagonist muscles is not affected by the speed of movement in isokinetic exercise,"Biomechanics & Kinematics, Rehabilitation & Therapy, HCI & Prosthetics, Neurophysiology, Sports & Ergonomics"
66,Electromyographic analysis of joint-dependent global synkinesis in the upper limb of healthy adults: laterality of intensity and symmetry of spatial representation.,Biomechanics & Kinematics
67,A comparison of visual and mathematical detection of the electromyographic threshold during incremental pedaling exercise: a pilot study.,"Rehabilitation & Therapy, Neurophysiology, Sports & Ergonomics"
68,Muscle synergies involved in preparation to a step made under the self-paced and reaction time instructions.,"Clinical & Diagnostic, Biomechanics & Kinematics"
69,"When the social mirror breaks: deficits in automatic, but not voluntary, mimicry of emotional facial expressions in autism.",Clinical & Diagnostic
70,A comparison of surface and intramuscular myoelectric signal classification.,"Biomechanics & Kinematics, HCI & Prosthetics"
71,Electromyographic findings after different selective neck dissections.,Clinical & Diagnostic
72,Effects of electromyography biofeedback-assisted relaxation on pain in patients with advanced cancer in a palliative care unit.,"Clinical & Diagnostic, Rehabilitation & Therapy, HCI & Prosthetics"
73,Abnormal surface EMG during clinically normal wrist movement in cervical dystonia.,"Clinical & Diagnostic, Biomechanics & Kinematics"
74,"Electromyography of superficial and deep neck muscles during isometric, voluntary, and reflex contractions.","Biomechanics & Kinematics, Neurophysiology"
75,Extroversion-related differences in speed of premotor and motor processing as revealed by lateralized readiness potentials.,Other / General
76,Gastric dysmotility in patients with major depression.,"Clinical & Diagnostic, HCI & Prosthetics"
77,Utility of portable electromyography for quantifying muscle activity during daily use.,"Clinical & Diagnostic, Biomechanics & Kinematics, Rehabilitation & Therapy, HCI & Prosthetics, Sports & Ergonomics"
78,Muscle activation during selected strength exercises in women with chronic neck muscle pain.,"Clinical & Diagnostic, Rehabilitation & Therapy, Sports & Ergonomics"
79,Time and frequency domain responses of the mechanomyogram and electromyogram during isometric ramp contractions: a comparison of the short-time Fourier and continuous wavelet transforms.,"Biomechanics & Kinematics, HCI & Prosthetics, Neurophysiology, Sports & Ergonomics"
80,Waking-state oral parafunctional behaviors: specificity and validity as assessed by electromyography.,"Clinical & Diagnostic, Sports & Ergonomics"
81,Entropy-Based Optimization of Wavelet Spatial Filters,Neurophysiology
82,Comparative study between biofeedback retraining and botulinum neurotoxin in the treatment of anismus patients.,"Clinical & Diagnostic, Rehabilitation & Therapy"
83,Short-term effects of implemented high intensity shoulder elevation during computer work.,"Clinical & Diagnostic, Rehabilitation & Therapy, Sports & Ergonomics"
84,Decoding of Individuated Finger Movements Using Surface Electromyography,HCI & Prosthetics
85,Behavioural treatment of the dyssynergic defecation in chronically constipated elderly patients: a randomized controlled trial.,"Clinical & Diagnostic, HCI & Prosthetics"
86,A Combined sEMG and Accelerometer System for Monitoring Functional Activity in Stroke,"Clinical & Diagnostic, Rehabilitation & Therapy, HCI & Prosthetics, Neurophysiology"
87,Mapping the compound muscle action potentials of cricothyroid muscle using electromyography in thyroid operations: a novel method to clinically type the external branch of the superior laryngeal nerve.,"Clinical & Diagnostic, Neurophysiology"
88,Applicability of the coactivation method in assessing synergies of the scapular stabilizing muscles.,Other / General
89,Comparison of critical force to EMG fatigue thresholds during isometric leg extension.,"Biomechanics & Kinematics, Sports & Ergonomics"
90,Mechanism and treatment of dropped head syndrome associated with parkinsonism.,Clinical & Diagnostic
91,Adaptive pattern recognition of myoelectric signals: exploration of conceptual framework and practical algorithms.,"Biomechanics & Kinematics, Rehabilitation & Therapy, HCI & Prosthetics"
92,Facial expression arousal level modulates facial mimicry.,Biomechanics & Kinematics
93,Distribution of motor unit potential velocities in the biceps brachii muscle of sprinters and endurance athletes during short static contractions at low force levels.,"Biomechanics & Kinematics, Rehabilitation & Therapy, Neurophysiology, Sports & Ergonomics"
94,Electromyographic and cephalometric correlation with the predominant masticatory movement.,Biomechanics & Kinematics
95,Changes in muscle fascicles of tibialis anterior during anisometric contractions are not associated with motor-output variability of the ankle dorsiflexors in young and old adults.,"Biomechanics & Kinematics, Sports & Ergonomics"
96,Isometric back muscle endurance: an EMG study on the criterion validity of the Ito test.,"Clinical & Diagnostic, Biomechanics & Kinematics, HCI & Prosthetics, Sports & Ergonomics"
97,Ankle muscle activation when using the Both Sides Utilized (BOSU) balance trainer.,"Biomechanics & Kinematics, Rehabilitation & Therapy"
99,A New Control Method for Power-Assisted Wheelchair Based on the Surface Myoelectric Signal,"Biomechanics & Kinematics, HCI & Prosthetics"
101,Relationship between ease of swallowing and deglutition-related muscle activity in various postures.,Sports & Ergonomics
102,Validity of surface electromyography for vastus intermedius muscle assessed by needle electromyography.,"Biomechanics & Kinematics, Neurophysiology, Sports & Ergonomics"
103,Muscle fiber conduction velocity is more affected after eccentric than concentric exercise.,"Biomechanics & Kinematics, Rehabilitation & Therapy, Neurophysiology, Sports & Ergonomics"
104,Quadriceps EMG muscle activation during accurate soccer instep kicking.,Other / General
105,Differences in time-frequency representation of lower limbs myoelectric activity during single and double leg landing in male athletes.,"HCI & Prosthetics, Neurophysiology"
106,Effect of meditation on stress-induced changes in cognitive functions.,"Rehabilitation & Therapy, HCI & Prosthetics, Neurophysiology"
107,Effect of breathing 7% carbon dioxide on the human soleus Hoffmann-reflex recruitment curve.,Neurophysiology
109,Passive trunk loading influences muscle activation during dynamic activity.,"Biomechanics & Kinematics, Rehabilitation & Therapy, HCI & Prosthetics, Neurophysiology"
110,Reduced force steadiness in women with neck pain and the effect of short term vibration.,"Clinical & Diagnostic, Biomechanics & Kinematics, Neurophysiology"
111,"Dynamically evoked, discrete-threshold electromyography in the extreme lateral interbody fusion approach.","Clinical & Diagnostic, Biomechanics & Kinematics, Neurophysiology, Sports & Ergonomics"
112,Muscular timing and inter-muscular coordination in healthy females while walking.,"Biomechanics & Kinematics, HCI & Prosthetics, Neurophysiology, Sports & Ergonomics"
113,Muscle activation strategies during strength training with heavy loading vs. repetitions to failure.,"Rehabilitation & Therapy, Neurophysiology, Sports & Ergonomics"
114,Comparison of ambulatory and polysomnographic recording of jaw muscle activity during sleep in normal subjects.,Other / General
115,Type 2 diabetes mellitus patients manifest characteristic spatial EMG potential distribution pattern during sustained isometric contraction.,"Clinical & Diagnostic, Biomechanics & Kinematics, Sports & Ergonomics"
116,Quantitative electromyography improves prediction in vocal fold paralysis.,"Clinical & Diagnostic, Rehabilitation & Therapy, HCI & Prosthetics, Neurophysiology"
117,Effect of strength training on rate of force development in older women.,"Biomechanics & Kinematics, Rehabilitation & Therapy, HCI & Prosthetics, Neurophysiology"
118,Incomplete swallowing and retracted tongue maneuvers for electromyographic signal normalization of the extrinsic muscles of the larynx.,Other / General
119,The Cybernetic Rehabilitation Aid: Preliminary Results for Wrist and Elbow Motions in Healthy Subjects,"Biomechanics & Kinematics, Rehabilitation & Therapy, HCI & Prosthetics, Sports & Ergonomics"
120,Vestibular-dependent spinal reflexes evoked by brief lateral accelerations of the heads of standing subjects.,Clinical & Diagnostic
121,Antagonist muscle moment is increased in ACL deficient subjects during maximal dynamic knee extension.,Biomechanics & Kinematics
122,A preliminary quantitative analysis of REM sleep chin EMG in Parkinson's disease with or without REM sleep behavior disorder.,Clinical & Diagnostic
123,"During step descent, older adults exhibit decreased knee range of motion and increased vastus lateralis muscle activity.",Biomechanics & Kinematics
124,"Comparison of electromyographic signals from monopolar current and potential amplifiers derived from a penniform muscle, the gastrocnemius medialis.","Biomechanics & Kinematics, Sports & Ergonomics"
125,Kinematic and electromyographic analysis of the Nordic Hamstring Exercise.,"Clinical & Diagnostic, Biomechanics & Kinematics, Rehabilitation & Therapy"
126,Neural drive increases following resistance training in patients with multiple sclerosis.,"Clinical & Diagnostic, Biomechanics & Kinematics, Rehabilitation & Therapy, HCI & Prosthetics, Neurophysiology"
127,Sitting movement in elderly subjects with and without Parkinson's disease: a biomechanical study.,"Clinical & Diagnostic, Biomechanics & Kinematics"
128,Electromyography-Based Locomotion Pattern Recognition and Personal Positioning Toward Improved Context-Awareness Applications,"Biomechanics & Kinematics, HCI & Prosthetics, Sports & Ergonomics"
130,Neuromuscular differences between boys with and without intellectual disability during squat jump.,"Biomechanics & Kinematics, Neurophysiology"
131,Wireless Surface Electromyography Probes With Four High-Speed Channels,Other / General
132,Age-related changes in neuromuscular function of the quadriceps muscle in physically active adults.,"Biomechanics & Kinematics, Neurophysiology"
133,The effects of post-stroke upper-limb training with an electromyography (EMG)-driven hand robot.,"Clinical & Diagnostic, Rehabilitation & Therapy, HCI & Prosthetics, Sports & Ergonomics"
134,Kinematic and electromyographic comparisons between chin-ups and lat-pull down exercises.,"Biomechanics & Kinematics, Rehabilitation & Therapy"
135,An IC-PLS Framework for Group Corticomuscular Coupling Analysis,"Clinical & Diagnostic, HCI & Prosthetics, Neurophysiology"
137,Development of a speech-discriminating electromyogram system for routine ambulatory recordings for the low-level masseter muscle activity.,"Clinical & Diagnostic, Sports & Ergonomics"
138,On the effect of thermal agents in the response of the brachial biceps at different contraction levels.,"Biomechanics & Kinematics, HCI & Prosthetics, Neurophysiology"
139,Altered flexion-relaxation responses exist during asymmetric trunk flexion movements among persons with unilateral lower-limb amputation.,"Clinical & Diagnostic, Biomechanics & Kinematics, HCI & Prosthetics, Neurophysiology"
140,A comparison of the real-time controllability of pattern recognition to conventional myoelectric control for discrete and simultaneous movements.,"Clinical & Diagnostic, Biomechanics & Kinematics, Rehabilitation & Therapy, HCI & Prosthetics, Sports & Ergonomics"
141,"Support Vector Regression for Improved Real-Time, Simultaneous Myoelectric Control","Rehabilitation & Therapy, HCI & Prosthetics, Neurophysiology, Sports & Ergonomics"
142,A comparison of surface and fine wire EMG recordings of gluteus medius during selected maximum isometric voluntary contractions of the hip.,"Biomechanics & Kinematics, HCI & Prosthetics"
143,Human Hand Motion Analysis With Multisensory Information,"Biomechanics & Kinematics, HCI & Prosthetics"
144,Surface electromyographic mapping of the orbicularis oculi muscle for real-time blink detection.,"Rehabilitation & Therapy, Sports & Ergonomics"
145,Spatial reorganisation of muscle activity correlates with change in tangential force variability during isometric contractions.,"Biomechanics & Kinematics, Sports & Ergonomics"
146,Task-Dependent Intermuscular Motor Unit Synchronization between Medial and Lateral Vastii Muscles during Dynamic and Isometric Squats.,"Biomechanics & Kinematics, HCI & Prosthetics, Neurophysiology"
147,The addition of synchronous whole-body vibration to battling rope exercise increases skeletal muscle activity.,Rehabilitation & Therapy
148,Concurrent Adaptation of Human and Machine Improves Simultaneous and Proportional Myoelectric Control,"Clinical & Diagnostic, Biomechanics & Kinematics, Rehabilitation & Therapy, HCI & Prosthetics, Sports & Ergonomics"
149,Effects of partial neuromuscular blockade on lateral spread response monitoring during microvascular decompression surgery.,"Clinical & Diagnostic, Neurophysiology"
150,Lower extremity muscle activation and function in progressive task-oriented training on the supplementary tilt table during stepping-like movements in patients with acute stroke hemiparesis.,"Clinical & Diagnostic, Rehabilitation & Therapy, HCI & Prosthetics, Sports & Ergonomics"
151,Diagnostic accuracy of common clinical tests for assessing abdominal muscle function after motor-complete spinal cord injury above T6.,"Clinical & Diagnostic, Biomechanics & Kinematics, Rehabilitation & Therapy, HCI & Prosthetics"
152,Short-Term Sensorimotor Effects of Experimental Occlusal Interferences on the Wake-Time Masseter Muscle Activity of Females with Masticatory Muscle Pain.,Clinical & Diagnostic
153,The effect of early physiotherapy on the recovery of mandibular function after orthognathic surgery for class III correction. Part II: electromyographic activity of masticatory muscles.,"Clinical & Diagnostic, Rehabilitation & Therapy, HCI & Prosthetics"
154,Filtered Virtual Reference: A New Method for the Reduction of Power Line Interference With Minimal Distortion of Monopolar Surface EMG,"HCI & Prosthetics, Neurophysiology, Sports & Ergonomics"
155,Muscle Recruitment and Coordination following Constraint-Induced Movement Therapy with Electrical Stimulation on Children with Hemiplegic Cerebral Palsy: A Randomized Controlled Trial.,"Clinical & Diagnostic, Biomechanics & Kinematics, Rehabilitation & Therapy, HCI & Prosthetics, Neurophysiology, Sports & Ergonomics"
156,Heterogeneity of muscle activity during sedentary behavior.,"Biomechanics & Kinematics, HCI & Prosthetics, Sports & Ergonomics"
157,Effects of Task-Oriented Training as an Added Treatment to Electromyogram-Triggered Neuromuscular Stimulation on Upper Extremity Function in Chronic Stroke Patients.,"Clinical & Diagnostic, Rehabilitation & Therapy, HCI & Prosthetics, Neurophysiology"
158,Effects of mop handle height on shoulder muscle activity and perceived exertion during floor mopping using a figure eight method.,Sports & Ergonomics
159,Effects of Unilateral Upper Limb Training in Two Distinct Prognostic Groups Early After Stroke: The EXPLICIT-Stroke Randomized Clinical Trial.,"Clinical & Diagnostic, Biomechanics & Kinematics, Rehabilitation & Therapy, Neurophysiology"
160,Naltrexone increases negatively-valenced facial responses to happy faces in female participants.,Biomechanics & Kinematics
161,"Short-term effects of traditional Thai massage on electromyogram, muscle tension and pain among patients with upper back pain associated with myofascial trigger points.","Clinical & Diagnostic, Rehabilitation & Therapy, HCI & Prosthetics"
162,Modular Control of Treadmill vs Overground Running.,"Biomechanics & Kinematics, Rehabilitation & Therapy, HCI & Prosthetics, Sports & Ergonomics"
163,Effect of exercise therapy on neuromuscular activity and knee strength in female adolescents with patellofemoral pain-An ancillary analysis of a cluster randomized trial.,"Clinical & Diagnostic, Biomechanics & Kinematics, Rehabilitation & Therapy, HCI & Prosthetics, Neurophysiology"
164,Scapulothoracic muscle activity during elevation exercises measured with surface and fine wire EMG: A comparative study between patients with subacromial impingement syndrome and healthy controls.,"Clinical & Diagnostic, Biomechanics & Kinematics, Rehabilitation & Therapy, HCI & Prosthetics"
165,Wanting and liking in dysphoria: Cardiovascular and facial EMG responses during incentive processing.,Other / General
166,Surface electromyography and ultrasound evaluation of pelvic floor muscles in hyperandrogenic women.,"Clinical & Diagnostic, HCI & Prosthetics, Neurophysiology"
167,A novel approach for automatic visualization and activation detection of evoked potentials induced by epidural spinal cord stimulation in individuals with spinal cord injury.,"Clinical & Diagnostic, Rehabilitation & Therapy, Sports & Ergonomics"
168,Comparison of fatigue accumulated during and after prolonged robotic and laparoscopic surgical methods: a cross-sectional study.,"Clinical & Diagnostic, Rehabilitation & Therapy, Sports & Ergonomics"
169,Taste-Elicited Activity in Facial Muscle Regions in 5-8-Week-Old Infants.,Other / General
170,Single leg squat performance in physically and non-physically active individuals: a cross-sectional study.,"Clinical & Diagnostic, Biomechanics & Kinematics, Sports & Ergonomics"
171,Corticomuscular Coherence With Time Lag With Application to Delay Estimation,Neurophysiology
172,Portable EMG Data Acquisition Module for Upper Limb Prosthesis Application,HCI & Prosthetics
173,Myoelectric Control Based on a Generic Musculoskeletal Model: Toward a Multi-User Neural-Machine Interface,"Biomechanics & Kinematics, HCI & Prosthetics, Neurophysiology, Sports & Ergonomics"
174,Effects of 8-week sensory electrical stimulation combined with motor training on EEG-EMG coherence and motor function in individuals with stroke.,"Rehabilitation & Therapy, HCI & Prosthetics, Neurophysiology"
175,Estimation of muscle activation during different walking speeds with two mathematical approaches compared to surface EMG.,"Clinical & Diagnostic, Biomechanics & Kinematics, HCI & Prosthetics"
176,Patellar malalignment treated with modified knee extension training: An electromyography study.,"Clinical & Diagnostic, Rehabilitation & Therapy"
177,Hamstring injury prevention in soccer: Before or after training?,"Clinical & Diagnostic, Biomechanics & Kinematics, Rehabilitation & Therapy, HCI & Prosthetics"
178,Adding vibration to high-intensity intervals increase time at high oxygen uptake in well-trained cyclists.,"Rehabilitation & Therapy, Sports & Ergonomics"
179,Comparing Surface and Intramuscular Electromyography for Simultaneous and Proportional Control Based on a Musculoskeletal Model: A Pilot Study,"Clinical & Diagnostic, Biomechanics & Kinematics, HCI & Prosthetics, Neurophysiology, Sports & Ergonomics"
180,Synergistic Elbow Control for a Myoelectric Transhumeral Prosthesis,"Biomechanics & Kinematics, HCI & Prosthetics"
181,Electromyographic Evaluation of the Impacts of Different Insoles in the Activity Patterns of the Lower Limb Muscles during Sport Motorcycling: A Cross-Over Trial.,"Biomechanics & Kinematics, HCI & Prosthetics"
182,Diaphragm electromyography results at different high flow nasal cannula flow rates.,Sports & Ergonomics
183,A Myoelectric Computer Interface for Reducing Abnormal Muscle Activations after Spinal Cord Injury.,"Clinical & Diagnostic, Biomechanics & Kinematics, Rehabilitation & Therapy, HCI & Prosthetics"
184,"Comparison Between Back Squat, Romanian Deadlift, and Barbell Hip Thrust for Leg and Hip Muscle Activities During Hip Extension.","Biomechanics & Kinematics, Rehabilitation & Therapy"
185,"A Learning Scheme for EMG Based Decoding of Dexterous, In-Hand Manipulation Motions","Rehabilitation & Therapy, HCI & Prosthetics, Sports & Ergonomics"
186,Effects of myofascial release in erector spinae myoelectric activity and lumbar spine kinematics in non-specific chronic low back pain: Randomized controlled trial.,"Clinical & Diagnostic, Biomechanics & Kinematics, Rehabilitation & Therapy, HCI & Prosthetics"
187,The effect of surface electromyography biofeedback on the activity of extensor and dorsiflexor muscles in elderly adults: a randomized trial.,"Clinical & Diagnostic, Rehabilitation & Therapy, HCI & Prosthetics"
188,Myoelectric Pattern Recognition for Controlling a Robotic Hand: A Feasibility Study in Stroke,"Clinical & Diagnostic, Rehabilitation & Therapy, HCI & Prosthetics, Sports & Ergonomics"
189,Electromyographic and Safety Comparisons of Common Lower Limb Rehabilitation Exercises for People With Hemophilia.,"Clinical & Diagnostic, Rehabilitation & Therapy"
190,Contra-Lateral Unintended Upper Arm Movement during Unimanual Tasks in Children with Cerebral Palsy.,"Clinical & Diagnostic, Biomechanics & Kinematics, Neurophysiology"
191,Consistent individual motor variability traits demonstrated by females performing a long-cycle assembly task under conditions differing in temporal organisation.,Sports & Ergonomics
192,"Efficacy of myoelectric bracing in moderately impaired stroke survivors: A randomized, controlled trial.","Clinical & Diagnostic, Biomechanics & Kinematics, Rehabilitation & Therapy, HCI & Prosthetics"
193,Changes in leg cycling muscle synergies after training augmented by functional electrical stimulation in subacute stroke survivors: a pilot study.,"Clinical & Diagnostic, Biomechanics & Kinematics, Rehabilitation & Therapy, HCI & Prosthetics, Sports & Ergonomics"
194,Isometric-based EMG threshold in girls and women.,"Biomechanics & Kinematics, Rehabilitation & Therapy, Neurophysiology, Sports & Ergonomics"
196,Subject-Independent sEMG Pattern Recognition by Using a Muscle Source Activation Model,HCI & Prosthetics
197,A 3DCNN-LSTM Hybrid Framework for sEMG-Based Noises Recognition in Exercise,"Rehabilitation & Therapy, HCI & Prosthetics, Sports & Ergonomics"
198,Electrophysiological Changes in the Peripheral Nervous System After Subacute Spinal Cord Injury.,"Clinical & Diagnostic, Rehabilitation & Therapy"
199,Timing and Modulation of Activity in the Lower Limb Muscles During Indoor Rowing: What Are the Key Muscles to Target in FES-Rowing Protocols?,"Biomechanics & Kinematics, Rehabilitation & Therapy"
200,"A Novel High-Density Electromyography Probe for Evaluating Anorectal Neurophysiology: Design, Human Feasibility Study, and Validation with Trans-Sacral Magnetic Stimulation.",Clinical & Diagnostic
201,A Novel Method for Lower Limb Joint Angle Estimation Based on sEMG Signal,Biomechanics & Kinematics
202,"The structural, functional and electrophysiological assessment of paraspinal musculature of patients with ankylosing spondylitis and non-radiographic axial spondyloarthropathy.",Clinical & Diagnostic
203,Innate Muscle Patterns Reproduction During Afferent Somatosensory Input With Vojta Therapy in Healthy Adults. A Randomized Controlled Trial,"Rehabilitation & Therapy, Neurophysiology, Sports & Ergonomics"
204,Single-institutional reference values for concentric needle jitter analysis using the extrapolated reference values procedure: Comparison to published reference values.,Neurophysiology
205,Electromyographic Assessment of the Efficacy of Deep Dry Needling versus the Ischemic Compression Technique in Gastrocnemius of Medium-Distance Triathletes.,"Clinical & Diagnostic, Rehabilitation & Therapy, HCI & Prosthetics"
206,Electromyographic comparison of vastus medialis obliquus facilitatory versus vastus lateralis inhibitory kinesio taping in athletes with patellofemoral pain: A randomized clinical trial.,"Clinical & Diagnostic, Biomechanics & Kinematics"
207,Sensing and decoding the neural drive to paralyzed muscles during attempted movements of a person with tetraplegia using a sleeve array.,"Clinical & Diagnostic, Biomechanics & Kinematics, Rehabilitation & Therapy, HCI & Prosthetics, Neurophysiology"
208,Non-Invasive Analysis of Motor Unit Activation During Simultaneous and Continuous Wrist Movements,"Biomechanics & Kinematics, Rehabilitation & Therapy, HCI & Prosthetics, Neurophysiology"
209,Unknown Motion Rejection in Myoelectric Pattern Recognition Using Convolutional Prototype Network,"Rehabilitation & Therapy, HCI & Prosthetics, Sports & Ergonomics"
210,The Influence of Training With Visual Biofeedback on the Predictability of Myoelectric Control Usability,"Rehabilitation & Therapy, HCI & Prosthetics, Sports & Ergonomics"
211,Effect of Core Stability Training on Correction and Surface Electronic Signals of Paravertebral in Adolescent Idiopathic Scoliosis.,"Clinical & Diagnostic, Biomechanics & Kinematics, Rehabilitation & Therapy"
212,Double-Differential Amplifier for sEMG Measurement by Means of a Current-Mode Approach,"HCI & Prosthetics, Sports & Ergonomics"
214,Neuromorphic Edge Computing for Biomedical Applications: Gesture Classification Using EMG Signals,"HCI & Prosthetics, Neurophysiology"
215,The Effect of Fu's Subcutaneous Needling Combined with Reperfusion Approach on Surface Electromyography Signals in Patients with Cervical Spondylosis and Neck Pain: A Clinical Trial Protocol.,"Clinical & Diagnostic, Rehabilitation & Therapy"
216,Design and Validation of a Wireless Body Sensor Network for Integrated EEG and HD-sEMG Acquisitions,"Biomechanics & Kinematics, HCI & Prosthetics, Neurophysiology"
217,sEMG-Based End-to-End Continues Prediction of Human Knee Joint Angles Using the Tightly Coupled Convolutional Transformer Model,"Clinical & Diagnostic, Biomechanics & Kinematics, Rehabilitation & Therapy, HCI & Prosthetics, Sports & Ergonomics"
219,Continuous Grasping Force Estimation With Surface EMG Based on Huxley-Type Musculoskeletal Model,"Biomechanics & Kinematics, HCI & Prosthetics"
220,Decoding of Multiple Wrist and Hand Movements Using a Transient EMG Classifier,"Rehabilitation & Therapy, HCI & Prosthetics, Sports & Ergonomics"
221,A Novel Approach to Detecting Muscle Fatigue Based on sEMG by Using Neural Architecture Search Framework,"Biomechanics & Kinematics, Rehabilitation & Therapy, HCI & Prosthetics, Neurophysiology, Sports & Ergonomics"
222,An Electrode Configuration Framework for sEMG-Based Gesture Recognition With Muscle-Matched Layouts,"Rehabilitation & Therapy, HCI & Prosthetics, Sports & Ergonomics"
223,SurfMyoAiR: A Surface Electromyography-Based Framework for Airwriting Recognition,"Biomechanics & Kinematics, HCI & Prosthetics, Neurophysiology, Sports & Ergonomics"
224,Isometric Plantarflexion Moment Prediction Based on a Compartment-Specific HD-sEMG-Driven Musculoskeletal Model,"Biomechanics & Kinematics, HCI & Prosthetics, Neurophysiology"
225,Comparison of synergy extrapolation and static optimization for estimating multiple unmeasured muscle activations during walking.,"Biomechanics & Kinematics, Rehabilitation & Therapy, Sports & Ergonomics"
226,Ergonomic differences in mesh placement and mesh fixation between laparoscopic and robotic inguinal hernia repair with mesh.,Sports & Ergonomics
227,A comparison of abductor hallucis muscle activation and medial longitudinal arch angle during nine different foot exercises.,"Clinical & Diagnostic, Biomechanics & Kinematics, Rehabilitation & Therapy"
228,Endurance and electromyographic assessment of abdominopelvic motor control in women with primary dysmenorrhea: a cross-sectional study.,"Clinical & Diagnostic, HCI & Prosthetics, Neurophysiology, Sports & Ergonomics"
229,supDQN: Supervised Rewarding Strategy Driven Deep Q-Network for sEMG Signal Decontamination,"Biomechanics & Kinematics, HCI & Prosthetics"
230,Reducing Motor Variability Enhances Myoelectric Control Robustness Across Untrained Limb Positions,"Rehabilitation & Therapy, HCI & Prosthetics, Sports & Ergonomics"
231,Force Myography for Motion Intention Detection Based on 3D-Printed Piezoelectric Sensors,"Biomechanics & Kinematics, Rehabilitation & Therapy, HCI & Prosthetics"
232,Post-Activation-Performance Enhancement: Possible Contributing Factors.,"Biomechanics & Kinematics, Neurophysiology, Sports & Ergonomics"
234,Comparing and characterizing scapular muscle activation ratios in males and females during execution of common functional movements.,Biomechanics & Kinematics
235,Deventilation Syndrome in Patients with Chronic Obstructive Pulmonary Disease Using Nocturnal Noninvasive Ventilation: What Are the Underlying Mechanisms?,Clinical & Diagnostic
236,Effects of combining rTMs and augmented reality gait adaptive training on walking function of patients with stroke based on three-dimensional gait analysis and sEMG: a randomized controlled trial.,"Clinical & Diagnostic, Biomechanics & Kinematics, Rehabilitation & Therapy, HCI & Prosthetics"
237,Neuromuscular activation following anti-movement and dynamic core training: a randomized controlled comparative study.,"Biomechanics & Kinematics, Rehabilitation & Therapy, HCI & Prosthetics, Neurophysiology, Sports & Ergonomics"
238,The Effects of Verbal Cues on Electromyographic Activity During a Quadriceps Setting Exercise.,"Clinical & Diagnostic, Rehabilitation & Therapy, Neurophysiology"
239,"The Effect of The 8-Week Core Muscle Training in Swimming Time, Swimming Force and Core Muscle Activity Among Swimmers: A Randomized Controlled Trial.","Biomechanics & Kinematics, Rehabilitation & Therapy, HCI & Prosthetics, Sports & Ergonomics"
240,Comparison of subdermal needle and surface adhesive electrodes for intraoperative neuromonitoring during spine surgeries.,"Clinical & Diagnostic, Sports & Ergonomics"
241,Noninvasive and Quantitative Measurement of Intrinsic Laryngeal Muscle Activity Using Surface Electromyography,"Clinical & Diagnostic, Biomechanics & Kinematics, HCI & Prosthetics, Neurophysiology, Sports & Ergonomics"
242,Improving Electromyography Electrode Placement Accuracy in Transtibial Amputees: A Comparative Study of Ultrasound and Palpation Methods,HCI & Prosthetics
243,Three sets of low-intensity resistance exercises with slow movement and tonic force generation cause more muscular fatigue.,"Biomechanics & Kinematics, Rehabilitation & Therapy, Sports & Ergonomics"
244,Development of a Waterproof EMG Sensor for Improved Signal Quality by Using Load Balancing,"Biomechanics & Kinematics, HCI & Prosthetics"
245,Comparing muscle coordination patterns in yoga-focused exercises with those in standard stabilization exercises.,Clinical & Diagnostic
246,Simultaneous Estimation of Wrist Joint Angle and Torque During Isokinetic Contraction Based on HD-sEMG,"Biomechanics & Kinematics, HCI & Prosthetics, Neurophysiology, Sports & Ergonomics"
247,A Comparative Case Study of EMG-Driven Controllers in Transtibial Prostheses.,"Clinical & Diagnostic, Biomechanics & Kinematics, HCI & Prosthetics, Sports & Ergonomics"
248,An Improved Compound Gaussian Model for Bivariate Surface EMG Signals Related to Strength Training,"Rehabilitation & Therapy, HCI & Prosthetics, Neurophysiology"
250,GTac-SE: A Low-Density Intention Sensing for Forearm Exoskeleton With Shear Force Sensors,"Clinical & Diagnostic, Biomechanics & Kinematics, Rehabilitation & Therapy, HCI & Prosthetics"
251,The Changes in Synergistic Patterns of Peri-Shoulder Muscles During Shoulder Abduction and Flexion in Patients With Rotator Cuff Tears,"Clinical & Diagnostic, Rehabilitation & Therapy, HCI & Prosthetics, Neurophysiology"
252,A New Intelligent Recognition Method for Surface Electromyography in IoT Systems Using OmniXceptionDBN,"HCI & Prosthetics, Neurophysiology"
253,Multifocal transcranial direct current stimulation enhances lower limb jump performance and neuromuscular adaptation in female collegiate basketball players.,"Biomechanics & Kinematics, Rehabilitation & Therapy, Neurophysiology, Sports & Ergonomics"
254,Lower Limb Joints Torques Continuous Estimate Model Based on Muscle Synergy for Patients With Motor Dysfunction,"Clinical & Diagnostic, Biomechanics & Kinematics, Rehabilitation & Therapy, HCI & Prosthetics, Neurophysiology, Sports & Ergonomics"
255,Does transferred medial gastrocnemius flap help with knee extension during gait following proximal tibial endoprosthesis?,"Clinical & Diagnostic, Biomechanics & Kinematics"
256,Tracheal intubation in the thyroid surgical position improves recurrent laryngeal nerve monitoring: a dual-center randomized trial.,Clinical & Diagnostic
257,Efficacy of Action Observation Therapy on Patients with Dysphagia After Stroke: A Randomized Controlled Trial.,"Clinical & Diagnostic, Rehabilitation & Therapy, HCI & Prosthetics, Neurophysiology"
258,A clinical diagnosis of diurnal (non-sleep) bruxism in denture wearers.,"Clinical & Diagnostic, Biomechanics & Kinematics, HCI & Prosthetics, Sports & Ergonomics"
259,EMG and strength correlates of selected shoulder muscles during rotations of the glenohumeral joint.,"Clinical & Diagnostic, Biomechanics & Kinematics, Rehabilitation & Therapy, Neurophysiology"
260,Effects of endodontic instrument handle diameter on electromyographic activity of forearm and hand muscles.,Sports & Ergonomics
262,Abdominal muscle activation of elite male golfers with chronic low back pain.,"Clinical & Diagnostic, Biomechanics & Kinematics, HCI & Prosthetics, Sports & Ergonomics"
263,A new approach of measuring muscle impairment during a functional task: quadriceps muscle activity recorded during chair stand.,"Clinical & Diagnostic, Biomechanics & Kinematics, Sports & Ergonomics"
264,Recording nasal muscle F waves and electromyographic activity of the facial muscles: a comparison of two methods used for intraoperative monitoring of facial nerve function.,"Clinical & Diagnostic, Biomechanics & Kinematics"
265,Musical beat influences corticospinal drive to ankle flexor and extensor muscles in man.,Neurophysiology
267,Changes in the surface EMG signal and the biomechanics of motion during a repetitive lifting task.,"Clinical & Diagnostic, Biomechanics & Kinematics, Rehabilitation & Therapy, HCI & Prosthetics, Sports & Ergonomics"
269,Transcutaneous electrogastrography in the perioperative period in patients undergoing laparoscopic cholecystectomy and laparoscopic non-adjustable gastric banding.,"Clinical & Diagnostic, Rehabilitation & Therapy, HCI & Prosthetics"
270,Muscle activation pattern and gait biomechanics after total knee replacement.,"Clinical & Diagnostic, Biomechanics & Kinematics, Rehabilitation & Therapy, HCI & Prosthetics, Sports & Ergonomics"
271,A fast and reliable technique for muscle activity detection from surface EMG signals,"Clinical & Diagnostic, Biomechanics & Kinematics, Neurophysiology"
272,Can continuous physical training counteract aging effect on myoelectric fatigue? A surface electromyography study application.,"Biomechanics & Kinematics, Rehabilitation & Therapy, HCI & Prosthetics, Sports & Ergonomics"
273,Dynamic synchronisation of central oscillators in essential tremor.,"Clinical & Diagnostic, Biomechanics & Kinematics, Neurophysiology"
274,The association between upper trapezius activity and thorax movement in classical singing.,"Biomechanics & Kinematics, Sports & Ergonomics"
275,Mechanomyographic and electromyographic time and frequency domain responses during submaximal to maximal isokinetic muscle actions of the biceps brachii.,"Biomechanics & Kinematics, HCI & Prosthetics, Neurophysiology"
276,Muscle-fiber conduction velocity and electromyography as diagnostic tools in patients with suspected inflammatory myopathy: a prospective study.,"Clinical & Diagnostic, Biomechanics & Kinematics, Neurophysiology"
278,Superficial motor units are larger than deeper motor units in human vastus lateralis muscle.,"Neurophysiology, Sports & Ergonomics"
279,Measurement of neural respiratory drive in patients with COPD.,"Clinical & Diagnostic, Biomechanics & Kinematics, Rehabilitation & Therapy, Neurophysiology"
280,Evaluation of the complexity of motor unit potentials in anal sphincter electromyography.,"Clinical & Diagnostic, Neurophysiology"
281,Biofeedback training of nasal muscles using internal and external surface electromyography of the nose.,"Clinical & Diagnostic, Rehabilitation & Therapy"
282,Surface EMG measurements during fMRI at 3T: accurate EMG recordings after artifact correction.,Biomechanics & Kinematics
283,On the errors in assessment of severity of involuntary movements using surface EMG.,Biomechanics & Kinematics
285,Seronegative myasthenia gravis: comparison of neurophysiological picture in MuSK+ and MuSK- patients.,Clinical & Diagnostic
286,Kinematic analysis of motor dysfunction in Niemann-Pick type C.,"Clinical & Diagnostic, Biomechanics & Kinematics"
287,"Electromyographic activity of masticatory, neck and trunk muscles of subjects with different skeletal facial morphology--a cross-sectional evaluation.",Biomechanics & Kinematics
288,Effects of two days of isokinetic training on strength and electromyographic amplitude in the agonist and antagonist muscles.,"Clinical & Diagnostic, Biomechanics & Kinematics, Rehabilitation & Therapy, HCI & Prosthetics"
289,Force enhancement during and following muscle stretch of maximal voluntarily activated human quadriceps femoris.,Biomechanics & Kinematics
290,Effects of movement imagery and electromyography-triggered feedback on arm hand function in stroke patients in the subacute phase.,"Clinical & Diagnostic, Biomechanics & Kinematics, Rehabilitation & Therapy"
291,"Are there differences in performance, metabolism, and quadriceps muscle activity in black African and Caucasian athletes during brief intermittent and intense exercise?","Biomechanics & Kinematics, Rehabilitation & Therapy, Sports & Ergonomics"
292,Comparison of EMG activity between maximal manual muscle testing and cybex maximal isometric testing of the quadriceps femoris.,Biomechanics & Kinematics
293,Rapid muscle activation and force capacity in conditions of chronic musculoskeletal pain.,"Clinical & Diagnostic, Biomechanics & Kinematics, Rehabilitation & Therapy"
294,No difference in 1RM strength and muscle activation during the barbell chest press on a stable and unstable surface.,"Biomechanics & Kinematics, Rehabilitation & Therapy"
295,Real-time monitoring of the recurrent laryngeal nerve: an observational clinical trial.,Clinical & Diagnostic
296,Electromyographic facial nerve monitoring during parotidectomy for benign lesions does not improve the outcome of postoperative facial nerve function: a prospective two-center trial.,"Clinical & Diagnostic, Rehabilitation & Therapy, HCI & Prosthetics"
297,Effects of dynamic and static stretching on vertical jump performance and electromyographic activity.,"Clinical & Diagnostic, Biomechanics & Kinematics, Sports & Ergonomics"
298,Novel and direct access to the human locomotor spinal circuitry.,"Clinical & Diagnostic, Biomechanics & Kinematics, Rehabilitation & Therapy"
299,Immediate effects of a high-velocity spine manipulation in paraspinal muscles activity of nonspecific chronic low-back pain subjects.,"Clinical & Diagnostic, Biomechanics & Kinematics, Rehabilitation & Therapy, HCI & Prosthetics"
300,Physical performance and electromyographic responses to an acute bout of paired set strength training versus traditional strength training.,"Rehabilitation & Therapy, Neurophysiology, Sports & Ergonomics"
301,Oxycodone and dexamethasone for pain management after tonsillectomy: a placebo-controlled EMG assessed clinical trial.,"Clinical & Diagnostic, HCI & Prosthetics"
302,Selective strength loss and decreased muscle activity in hamstring injury.,"Clinical & Diagnostic, Biomechanics & Kinematics, Rehabilitation & Therapy, HCI & Prosthetics, Neurophysiology"
303,Comparison of neck tension palpation rating systems with surface electromyographic and acoustic measures in vocal hyperfunction.,"Clinical & Diagnostic, Rehabilitation & Therapy"
304,Influence of priming exercise on muscle deoxy[Hb + Mb] during ramp cycle exercise.,"Rehabilitation & Therapy, Neurophysiology, Sports & Ergonomics"
305,Task-dependent changes of motor cortical network excitability during precision grip compared to isolated finger contraction.,"Biomechanics & Kinematics, Neurophysiology"
306,Raised electrical uterine activity and shortened cervical length could predict preterm delivery in a low-risk population.,HCI & Prosthetics
307,Validation of a Selective Ensemble-Based Classification Scheme for Myoelectric Control Using a Three-Dimensional Fitts' Law Test,"HCI & Prosthetics, Sports & Ergonomics"
308,Stable tooth contacts in intercuspal occlusion makes for utilities of the jaw elevators during maximal voluntary clenching.,"Biomechanics & Kinematics, Sports & Ergonomics"
309,Muscle activation and coactivation during five-time-sit-to-stand movement in patients undergoing total knee arthroplasty.,"Clinical & Diagnostic, Biomechanics & Kinematics, Rehabilitation & Therapy, Neurophysiology"
310,Treatment efficacy of electromyography versus fiberscopy-guided botulinum toxin injection in adductor spasmodic dysphonia patients: a prospective comparative study.,Clinical & Diagnostic
311,"The effects of Kinesio taping on muscle tone in healthy subjects: a double-blind, placebo-controlled crossover trial.","Biomechanics & Kinematics, Rehabilitation & Therapy, Neurophysiology"
312,A preliminary evaluation of the surgery to reconstruct thoracic breathing in patients with high cervical spinal cord injury.,"Clinical & Diagnostic, Biomechanics & Kinematics, Rehabilitation & Therapy"
313,Chin tuck against resistance (CTAR): new method for enhancing suprahyoid muscle activity using a Shaker-type exercise.,"Clinical & Diagnostic, Biomechanics & Kinematics, Rehabilitation & Therapy"
314,EMG of the tibialis anterior demonstrates a training effect after utilization of a foot drop stimulator.,"Biomechanics & Kinematics, Rehabilitation & Therapy, Neurophysiology"
315,"Intuitive, Online, Simultaneous, and Proportional Myoelectric Control Over Two Degrees-of-Freedom in Upper Limb Amputees","Biomechanics & Kinematics, Rehabilitation & Therapy, HCI & Prosthetics, Sports & Ergonomics"
316,Actigraphy combined with EEG compared to polysomnography in sleep apnea patients.,"Clinical & Diagnostic, Biomechanics & Kinematics, Neurophysiology"
317,Effect of lace-up ankle braces on electromyography measures during walking in adults with chronic ankle instability.,"Biomechanics & Kinematics, Rehabilitation & Therapy, Neurophysiology"
318,"Anti-fatigue mats, low back pain, and electromyography: An interventional study.","Clinical & Diagnostic, Rehabilitation & Therapy, Sports & Ergonomics"
319,Surface EMG Decomposition Based on K-means Clustering and Convolution Kernel Compensation,"Biomechanics & Kinematics, Neurophysiology, Sports & Ergonomics"
320,High-Density Electromyography and Motor Skill Learning for Robust Long-Term Control of a 7-DoF Robot Arm,HCI & Prosthetics
321,Implementation of EMG- and Force-Based Control Interfaces in Active Elbow Supports for Men With Duchenne Muscular Dystrophy: A Feasibility Study,"Biomechanics & Kinematics, Rehabilitation & Therapy, HCI & Prosthetics, Sports & Ergonomics"
322,Neuromuscular performance of Bandal Chagui: Comparison of subelite and elite taekwondo athletes.,"Biomechanics & Kinematics, Rehabilitation & Therapy, Neurophysiology, Sports & Ergonomics"
323,Cascaded Adaptation Framework for Fast Calibration of Myoelectric Control,"Clinical & Diagnostic, Rehabilitation & Therapy, HCI & Prosthetics, Sports & Ergonomics"
324,Comparing electro- and mechano-myographic muscle activation patterns in self-paced pediatric gait.,"Clinical & Diagnostic, Biomechanics & Kinematics"
325,Does short-term gluteal activation enhance muscle performance?,"Biomechanics & Kinematics, Rehabilitation & Therapy, HCI & Prosthetics, Sports & Ergonomics"
326,Electromyographic analysis of gluteus maximus and hamstring activity during the supine resisted hip extension exercise versus supine unilateral bridge to neutral.,"Clinical & Diagnostic, Biomechanics & Kinematics, Rehabilitation & Therapy, Neurophysiology"
327,Correlation and compatibility between surface respiratory electromyography and transesophageal diaphragmatic electromyography measurements during treadmill exercise in stable patients with COPD.,"Clinical & Diagnostic, Rehabilitation & Therapy, Neurophysiology"
328,Application of Empirical Mode Decomposition Combined With Notch Filtering for Interpretation of Surface Electromyograms During Functional Electrical Stimulation.,"Clinical & Diagnostic, Biomechanics & Kinematics, Rehabilitation & Therapy, HCI & Prosthetics, Neurophysiology, Sports & Ergonomics"
329,Gait analysis on force treadmill in children: comparison with results from ground-based force platforms.,"Biomechanics & Kinematics, Rehabilitation & Therapy"
330,An EMG-to-Force Processing Approach for Estimating in Vivo Hip Muscle Forces in Normal Human Walking,"Clinical & Diagnostic, Biomechanics & Kinematics, Neurophysiology"
331,Myoelectric Activation Pattern Changes in the Involved Limb of Individuals With Transtibial Amputation During Locomotor State Transitions.,"Clinical & Diagnostic, Biomechanics & Kinematics, HCI & Prosthetics"
332,Ischemic conditioning increases strength and volitional activation of paretic muscle in chronic stroke: a pilot study.,"Biomechanics & Kinematics, Rehabilitation & Therapy, Neurophysiology, Sports & Ergonomics"
334,Classification of Transient Myoelectric Signals for the Control of Multi-Grasp Hand Prostheses,"Rehabilitation & Therapy, HCI & Prosthetics, Neurophysiology, Sports & Ergonomics"
335,Abdominal and pelvic floor electromyographic analysis during abdominal hypopressive gymnastics.,Biomechanics & Kinematics
336,Evaluation of integral electromyographic values and median power frequency values in women with myogenous temporomandibular disorder and asymptomatic controls.,"Clinical & Diagnostic, HCI & Prosthetics, Neurophysiology, Sports & Ergonomics"
337,IMU-Based Wrist Rotation Control of a Transradial Myoelectric Prosthesis,"Biomechanics & Kinematics, HCI & Prosthetics, Sports & Ergonomics"
338,sEMG-Based Detection of Compensation Caused by Fatigue During Rehabilitation Therapy: A Pilot Study,"Clinical & Diagnostic, Rehabilitation & Therapy, HCI & Prosthetics, Neurophysiology, Sports & Ergonomics"
339,Revisited relationships between probable sleep bruxism and clinical muscle symptoms.,"Clinical & Diagnostic, Biomechanics & Kinematics, Rehabilitation & Therapy, Sports & Ergonomics"
341,Online Finger Control Using High-Density EMG and Minimal Training Data for Robotic Applications,"Clinical & Diagnostic, Biomechanics & Kinematics, Rehabilitation & Therapy, HCI & Prosthetics, Neurophysiology, Sports & Ergonomics"
342,Acute skeletal muscle responses to very low-load resistance exercise with and without the application of blood flow restriction in the upper body.,"Biomechanics & Kinematics, Rehabilitation & Therapy, Sports & Ergonomics"
343,Surface Electromyography Based Estimation of Knee Joint Angle by Using Correlation Dimension of Wavelet Coefficient,"Biomechanics & Kinematics, Rehabilitation & Therapy, HCI & Prosthetics"
344,Research on Recognition of Nine Kinds of Fine Gestures Based on Adaptive AdaBoost Algorithm and Multi-Feature Combination,HCI & Prosthetics
345,Effects of the head lift exercise and neuromuscular electrical stimulation on swallowing muscles activity in healthy older adults: a randomized pilot study.,"Clinical & Diagnostic, Rehabilitation & Therapy, Neurophysiology"
346,The Effect of Feedback During Training Sessions on Learning Pattern-Recognition-Based Prosthesis Control,"Rehabilitation & Therapy, HCI & Prosthetics, Sports & Ergonomics"
347,EMG-Force and EMG-Target Models During Force-Varying Bilateral Hand-Wrist Contraction in Able-Bodied and Limb-Absent Subjects,"Biomechanics & Kinematics, Neurophysiology, Sports & Ergonomics"
348,Resilient EMG Classification to Enable Reliable Upper-Limb Movement Intent Detection,"Biomechanics & Kinematics, Rehabilitation & Therapy, HCI & Prosthetics"
349,A Novel Postprocessing Method for Robust Myoelectric Pattern-Recognition Control Through Movement Pattern Transition Detection,"Biomechanics & Kinematics, HCI & Prosthetics, Sports & Ergonomics"
350,A Novel Point-in-Polygon-Based sEMG Classifier for Hand Exoskeleton Systems,"Rehabilitation & Therapy, HCI & Prosthetics, Sports & Ergonomics"
351,Unsupervised Domain Adversarial Self-Calibration for Electromyography-Based Gesture Recognition,"Biomechanics & Kinematics, HCI & Prosthetics, Neurophysiology, Sports & Ergonomics"
352,"Effects of Chewing Exerciser on the Recovery of Masticatory Function Recovery after Orthognathic Surgery: A Single-Center Randomized Clinical Trial, a Preliminary Study.","Clinical & Diagnostic, Biomechanics & Kinematics, Rehabilitation & Therapy, HCI & Prosthetics"
353,The Application of Manual Techniques in Masticatory Muscles Relaxation as Adjunctive Therapy in the Treatment of Temporomandibular Joint Disorders.,"Clinical & Diagnostic, Biomechanics & Kinematics, Rehabilitation & Therapy, HCI & Prosthetics"
354,"Effect of two Dynamic Tape™ applications on the electromyographic activity of the gluteus medius and functional performance in women: A randomized, controlled, clinical trial.","Clinical & Diagnostic, Biomechanics & Kinematics, Sports & Ergonomics"
355,A Dual-Modal Approach Using Electromyography and Sonomyography Improves Prediction of Dynamic Ankle Movement: A Case Study,"Clinical & Diagnostic, Biomechanics & Kinematics, Rehabilitation & Therapy, HCI & Prosthetics, Sports & Ergonomics"
356,"Effects of combined whole body vibration and resistance training on lower quadrants electromyographic activity, muscle strength and power in athletes.","Biomechanics & Kinematics, Rehabilitation & Therapy, Neurophysiology, Sports & Ergonomics"
357,"Wearable myoelectric interface enables high-dose, home-based training in severely impaired chronic stroke survivors.","Clinical & Diagnostic, Rehabilitation & Therapy, HCI & Prosthetics, Sports & Ergonomics"
358,The Effect of Fatigue on Wheelchair Users’ Upper Limb Muscle Coordination Patterns in Time-Frequency and Principal Component Analysis,"Clinical & Diagnostic, Biomechanics & Kinematics, Rehabilitation & Therapy, Neurophysiology, Sports & Ergonomics"
359,Effect of Robotic Exoskeleton Motion Constraints on Upper Limb Muscle Synergies: A Case Study,"Clinical & Diagnostic, Rehabilitation & Therapy, HCI & Prosthetics"
360,Effect of electromyographic biofeedback training on motor function of quadriceps femoris in patients with incomplete spinal cord injury: A randomized controlled trial.,"Clinical & Diagnostic, Rehabilitation & Therapy, HCI & Prosthetics"
361,Effects of Comprehensive Swallowing Intervention on Obstructive Sleep Apnea and Dysphagia After Stroke: A Randomized Controlled Trial.,"Clinical & Diagnostic, Rehabilitation & Therapy, HCI & Prosthetics"
362,Measuring Neuromuscular Electrophysiological Activities to Decode HD-sEMG Biometrics for Cross-Application Discrepant Personal Identification With Unknown Identities,"Rehabilitation & Therapy, HCI & Prosthetics, Neurophysiology, Sports & Ergonomics"
363,"Effect of Foot Reflexology on Muscle Electrical Activity, Pressure, Plantar Distribution, and Body Sway in Patients with Type 2 Diabetes Mellitus: A Pilot Randomized Controlled Trial.","Clinical & Diagnostic, Biomechanics & Kinematics, Rehabilitation & Therapy, HCI & Prosthetics"
364,5-HT(2) receptor antagonism reduces human motoneuron output to antidromic activation but not to stimulation of corticospinal axons.,Neurophysiology
365,An Evaluation of an Innovative Exercise to Relieve Chronic Low Back Pain in Sedentary Workers.,"Clinical & Diagnostic, Biomechanics & Kinematics, Rehabilitation & Therapy, HCI & Prosthetics, Sports & Ergonomics"
366,Electrode Shift Robust CNN for High-Density Myoelectric Pattern Recognition Control,"HCI & Prosthetics, Neurophysiology, Sports & Ergonomics"
367,"Emotion Recognition With Audio, Video, EEG, and EMG: A Dataset and Baseline Approaches","HCI & Prosthetics, Neurophysiology, Sports & Ergonomics"
368,Silent Speech Recognition Based on Surface Electromyography Using a Few Electrode Sites Under the Guidance From High-Density Electrode Arrays,"HCI & Prosthetics, Neurophysiology, Sports & Ergonomics"
369,Impact of resistance training on muscle fatigue in type 2 diabetes mellitus patients during dynamic fatigue protocol.,"Clinical & Diagnostic, Biomechanics & Kinematics, Rehabilitation & Therapy, HCI & Prosthetics, Neurophysiology, Sports & Ergonomics"
370,A Novel and Efficient Surface Electromyography Decomposition Algorithm Using Local Spatial Information,"HCI & Prosthetics, Neurophysiology"
371,A Novel Lower-Limb Coordination Assessment Scheme Using Multi-Scale Nonlinear Coupling Characteristics With sEMG,"Clinical & Diagnostic, HCI & Prosthetics, Sports & Ergonomics"
372,Real-Time Hand Gesture Recognition by Decoding Motor Unit Discharges Across Multiple Motor Tasks From Surface Electromyography,"HCI & Prosthetics, Neurophysiology, Sports & Ergonomics"
373,Single-Channel sEMG-Based Estimation of Knee Joint Angle Using a Decomposition Algorithm With a State-Space Model,"Biomechanics & Kinematics, Rehabilitation & Therapy, HCI & Prosthetics, Sports & Ergonomics"
374,Surface electromyography evaluation of selected manual and physical therapy interventions in women with temporomandibular joint pain and limited mobility. Randomized controlled trial (RCT).,"Clinical & Diagnostic, Biomechanics & Kinematics, Rehabilitation & Therapy, HCI & Prosthetics, Sports & Ergonomics"
375,"Acute intermittent hypoxia enhances strength, and modulates spatial distribution of muscle activation in persons with chronic incomplete spinal cord injury.","Clinical & Diagnostic, Biomechanics & Kinematics, Rehabilitation & Therapy, Neurophysiology"
376,Characterizing the Dynamics of Surface Electromyography Signals in Muscle Fatigue Through Visibility Motif Networks,"Clinical & Diagnostic, Rehabilitation & Therapy, Sports & Ergonomics"
377,An Exosuit System With Bidirectional Hand Support for Bilateral Assistance Based on Dynamic Gesture Recognition,"Clinical & Diagnostic, Biomechanics & Kinematics, Rehabilitation & Therapy, HCI & Prosthetics"
378,A Novel Exoskeleton Neuromuscular Interface Based on Motor Unit Action Potential Model Using High-Density sEMG,"Biomechanics & Kinematics, HCI & Prosthetics, Neurophysiology, Sports & Ergonomics"
379,Graph-Driven Simultaneous and Proportional Estimation of Wrist Angle and Grasp Force via High-Density EMG,"Biomechanics & Kinematics, HCI & Prosthetics"
380,Comparative electromyography analysis of subphase gait disorder in chronic stroke survivors.,"Clinical & Diagnostic, Biomechanics & Kinematics, Rehabilitation & Therapy, HCI & Prosthetics"
381,Finger Tracking Using Wrist-Worn EMG Sensors,HCI & Prosthetics
382,Tongue brushing enhances the myoelectric activity of the suprahyoid muscles in older adults: a six-week randomized controlled trial.,"Rehabilitation & Therapy, HCI & Prosthetics"
384,Comparative analysis of myoelectric activity and mandibular movement in healthy and nonpainful articular temporomandibular disorder subjects.,"Clinical & Diagnostic, Biomechanics & Kinematics, HCI & Prosthetics, Sports & Ergonomics"
385,Accurate Identification of Motoneuron Discharges From Ultrasound Images Across the Full Muscle Cross-Section,"HCI & Prosthetics, Neurophysiology"
386,A Cross-Subject sEMG-to-Speech Conversion System Using Content Features and Model Calibration,"Clinical & Diagnostic, Rehabilitation & Therapy"
387,Comparative Analysis of SCM Muscle Fatigue in Office Workers with Hunched Posture: A Study on Chronic Lower Back Pain versus Non-Affected Individuals.,"Clinical & Diagnostic, Biomechanics & Kinematics, Rehabilitation & Therapy, HCI & Prosthetics, Sports & Ergonomics"
388,Koopman-Driven Grip Force Prediction Through EMG Sensing,"Biomechanics & Kinematics, Rehabilitation & Therapy, HCI & Prosthetics"
389,Design and Validation of a Novel Human–Machine Interface System Based on Multisource Data Fusion,"HCI & Prosthetics, Sports & Ergonomics"
390,Acute cross-education effect on force production and central/peripheral responses to unilateral eccentric and concentric resistance exercise in elbow flexors.,"Biomechanics & Kinematics, Rehabilitation & Therapy, HCI & Prosthetics, Neurophysiology"
392,sEMG-Based Joint Angle Estimation via Hierarchical Spiking Attentional Feature Decomposition Network,"Biomechanics & Kinematics, Rehabilitation & Therapy, HCI & Prosthetics, Neurophysiology"
393,Investigating the Impact of Training Protocols on Myoelectric Pattern Recognition Control in Upper-Limb Amputees,"Biomechanics & Kinematics, Rehabilitation & Therapy, HCI & Prosthetics, Sports & Ergonomics"
394,Reconstructing Unseen Sentences From Speech-Related Biosignals for Open-Vocabulary Neural Communication,"Clinical & Diagnostic, Rehabilitation & Therapy, Neurophysiology"
395,Neck EMG-Based Estimation of Upper-Limb Muscle Tension,"Biomechanics & Kinematics, Sports & Ergonomics"
396,Estimated moments at L5/S1 level and muscular activation of back extensors for six prone back extension exercises in healthy individuals.,"Clinical & Diagnostic, Biomechanics & Kinematics, Rehabilitation & Therapy, Sports & Ergonomics"
397,"Using risk factors, myoelectric signal, and finger tremor to distinguish computer users with and without musculoskeletal symptoms.","Clinical & Diagnostic, Biomechanics & Kinematics, HCI & Prosthetics, Sports & Ergonomics"
398,Gluteus minimus: an intramuscular EMG investigation of anterior and posterior segments during gait.,Biomechanics & Kinematics
399,Hand and Wrist Movement Control of Myoelectric Prosthesis Based on Synergy,"Biomechanics & Kinematics, HCI & Prosthetics, Neurophysiology"
400,Development of an EMG-ACC-Based Upper Limb Rehabilitation Training System.,"Clinical & Diagnostic, Rehabilitation & Therapy, HCI & Prosthetics, Sports & Ergonomics"
